{
	"credit": "@viniochomil",
	"parent": "item/generated",
	"textures": {
		"layer0": "./wooden_katar"
	},
	"gui_light": "front",
	"display": {
		"thirdperson_righthand": {
			"rotation": [-77, -90, 55],
			"translation": [0, -2, -0.5],
			"scale": [0.85, 0.85, 0.85]
		},
		"thirdperson_lefthand": {
			"rotation": [-77, 90, -55],
			"translation": [0, -2, -0.5],
			"scale": [0.85, 0.85, 0.85]
		},
		"firstperson_righthand": {
			"rotation": [0, 90, 0],
			"translation": [1.13, 2.95, 2.63],
			"scale": [0.68, 0.68, 0.68]
		},
		"firstperson_lefthand": {
			"rotation": [0, -90, 0],
			"translation": [1.13, 2.95, 2.63],
			"scale": [0.68, 0.68, 0.68]
		},
		"ground": {
			"translation": [0, 2, 0],
			"scale": [0.5, 0.5, 0.5]
		},
		"fixed": {
			"rotation": [0, 180, 0]
		}
	}
}