{
	"credit": "@viniochomil",
	"parent": "item/generated",
	"textures": {
		"layer0": "./crossbows/Heavy/iron_heavy_crossbow_standby"
	},
	"gui_light": "front",
	"display": {
		"thirdperson_righthand": {
			"rotation": [-90, 0, -45],
			"translation": [0, 0.5, -4.5],
			"scale": [1.7, 1.7, 0.85]
		},
		"thirdperson_lefthand": {
			"rotation": [-90, 0, 45],
			"translation": [0, 0.5, -4.5],
			"scale": [1.7, 1.7, 0.85]
		},
		"firstperson_righthand": {
			"rotation": [-90, 0, -55],
			"translation": [1.08, 4, -0.5],
			"scale": [1.36, 1.36, 0.68]
		},
		"firstperson_lefthand": {
			"rotation": [-90, 0, 55],
			"translation": [1.08, 4, -0.5],
			"scale": [1.36, 1.36, 0.68]
		},
		"ground": {
			"translation": [0, 5, 0],
			"scale": [1, 1, 0.85]
		},
		"fixed": {
			"rotation": [0, 180, 0],
			"translation": [-0.25, 0, 0.25],
			"scale": [2, 2, 1]
		}
	}
}