{
	"credit": "Made with Blockbench",
	"textures": {
		"0": "./anvil",
		"1": "./blast_furnace_side",
		"2": "./blast_furnace_top",
		"3": "./black_wool",
		"particle": "./anvil"
	},
	"elements": [
		{
			"from": [7.25, 2, 7],
			"to": [8.75, 3, 8.75],
			"faces": {
				"north": {"uv": [3, 0, 6.5, 1], "texture": "#0"},
				"east": {"uv": [3, 0, 6.75, 3], "texture": "#0"},
				"south": {"uv": [3, 0, 5.5, 3], "texture": "#0"},
				"west": {"uv": [3, 0, 5.75, 3], "texture": "#0"},
				"up": {"uv": [12, 0, 10.5, 1.75], "texture": "#0"},
				"down": {"uv": [10.5, 0, 12, 1.75], "texture": "#0"}
			}
		},
		{
			"from": [7.25, 2, 5.6],
			"to": [8.75, 3, 7],
			"faces": {
				"north": {"uv": [3, 0, 6.5, 1], "texture": "#0"},
				"east": {"uv": [3, 0, 6.4, 3], "texture": "#0"},
				"south": {"uv": [3, 0, 5.5, 3], "texture": "#0"},
				"west": {"uv": [3, 0, 5.4, 3], "texture": "#0"},
				"up": {"uv": [12, 0, 10.5, 1.4], "texture": "#0"},
				"down": {"uv": [10.5, 0, 12, 1.4], "texture": "#0"}
			}
		},
		{
			"from": [7.25, 8, 7.25],
			"to": [8.75, 9, 8.75],
			"rotation": {"angle": 0, "axis": "y", "origin": [8, 5.5, 8]},
			"faces": {
				"north": {"uv": [3, 0, 7, 3], "texture": "#0"},
				"east": {"uv": [3, 0, 7, 3], "texture": "#0"},
				"south": {"uv": [3, 0, 7, 3], "texture": "#0"},
				"west": {"uv": [3, 0, 7, 3], "texture": "#0"},
				"up": {"uv": [12, 0, 10.5, 1.5], "texture": "#0"},
				"down": {"uv": [10.5, 0, 12, 1.5], "texture": "#0"}
			}
		},
		{
			"from": [7.25, 3, 7.25],
			"to": [8.75, 8, 8.75],
			"rotation": {"angle": 0, "axis": "y", "origin": [8, 5.5, 8]},
			"faces": {
				"north": {"uv": [12, 0, 16, 14], "texture": "#3"},
				"east": {"uv": [12, 0, 16, 14], "texture": "#3"},
				"south": {"uv": [12, 0, 16, 14], "texture": "#3"},
				"west": {"uv": [12, 0, 16, 14], "texture": "#3"},
				"up": {"uv": [12, 0, 10.5, 1.5], "texture": "#3"},
				"down": {"uv": [10.5, 0, 12, 1.5], "texture": "#3"}
			}
		},
		{
			"from": [7.25, 8.91865, 4.63164],
			"to": [8.75, 9.91865, 5.63164],
			"rotation": {"angle": 22.5, "axis": "x", "origin": [8, 9.41865, 5.13164]},
			"faces": {
				"north": {"uv": [3, 0, 6.5, 1], "texture": "#0"},
				"east": {"uv": [3, 0, 6, 3], "texture": "#0"},
				"south": {"uv": [3, 0, 5.5, 3], "texture": "#0"},
				"west": {"uv": [3, 0, 5, 3], "texture": "#0"},
				"up": {"uv": [12, 0, 10.5, 1], "texture": "#0"},
				"down": {"uv": [10.5, 0, 12, 1], "texture": "#0"}
			}
		},
		{
			"from": [7.25, 2.075, 4.76789],
			"to": [8.75, 4.725, 5.76789],
			"rotation": {"angle": -45, "axis": "x", "origin": [8, 3, 5.29289]},
			"faces": {
				"north": {"uv": [3, 0, 6.5, 2.65], "texture": "#0"},
				"east": {"uv": [3, 0, 6, 3], "texture": "#0"},
				"south": {"uv": [3, 0, 5.5, 3], "texture": "#0"},
				"west": {"uv": [3, 0, 5, 3], "texture": "#0"},
				"up": {"uv": [12, 0, 10.5, 1], "texture": "#0"},
				"down": {"uv": [10.5, 0, 12, 1], "texture": "#0"}
			}
		},
		{
			"from": [7.25, 7.03283, 4.05762],
			"to": [8.75, 9.03283, 5.05762],
			"rotation": {"angle": 22.5, "axis": "x", "origin": [8, 8.03283, 4.55762]},
			"faces": {
				"north": {"uv": [3, 0, 6.5, 2], "texture": "#0"},
				"east": {"uv": [3, 0, 6, 3], "texture": "#0"},
				"south": {"uv": [3, 0, 5.5, 3], "texture": "#0"},
				"west": {"uv": [3, 0, 5, 3], "texture": "#0"},
				"up": {"uv": [12, 0, 10.5, 1], "texture": "#0"},
				"down": {"uv": [11.5, 0, 10, 1], "texture": "#0"}
			}
		},
		{
			"from": [7.25, 3.80029, 3.71299],
			"to": [8.75, 7.30029, 4.71299],
			"rotation": {"angle": 0, "axis": "y", "origin": [8, 6.05029, 4.21299]},
			"faces": {
				"north": {"uv": [3, 0, 6.5, 3.5], "texture": "#0"},
				"east": {"uv": [3, 0, 6, 3.5], "texture": "#0"},
				"south": {"uv": [3, 0, 5.5, 3.5], "texture": "#0"},
				"west": {"uv": [3, 0, 5, 3], "texture": "#0"},
				"up": {"uv": [12, 0, 10.5, 1], "texture": "#0"},
				"down": {"uv": [10.5, 0, 12, 1], "texture": "#0"}
			}
		},
		{
			"from": [7.25, 8.15328, 8.5206],
			"to": [8.75, 9.15328, 9.5206],
			"rotation": {"angle": -22.5, "axis": "x", "origin": [8, 8.65328, 9.0206]},
			"faces": {
				"north": {"uv": [3, 0, 6.5, 1], "texture": "#0"},
				"east": {"uv": [3, 0, 6, 3], "texture": "#0"},
				"south": {"uv": [3, 0, 5.5, 3], "texture": "#0"},
				"west": {"uv": [3, 0, 5, 3], "texture": "#0"},
				"up": {"uv": [12, 0, 10.5, 1], "texture": "#0"},
				"down": {"uv": [10.5, 0, 12, 1], "texture": "#0"}
			}
		},
		{
			"from": [7.25, 8.34462, 5.51746],
			"to": [8.75, 9.34462, 7.51746],
			"rotation": {"angle": 22.5, "axis": "x", "origin": [8, 8.84462, 6.51746]},
			"faces": {
				"north": {"uv": [3, 0, 6.5, 1], "texture": "#0"},
				"east": {"uv": [3, 0, 7, 3], "texture": "#0"},
				"south": {"uv": [3, 0, 5.5, 3], "texture": "#0"},
				"west": {"uv": [3, 0, 6, 3], "texture": "#0"},
				"up": {"uv": [12, 0, 10.5, 2], "texture": "#0"},
				"down": {"uv": [10.5, 0, 12, 2], "texture": "#0"}
			}
		},
		{
			"from": [7.5, 9, 7],
			"to": [8.5, 20, 9],
			"faces": {
				"north": {"uv": [3, 1, 6, 15], "texture": "#2"},
				"east": {"uv": [3, 1, 6, 15], "texture": "#2"},
				"south": {"uv": [3, 1, 6, 15], "texture": "#2"},
				"west": {"uv": [3, 1, 6, 15], "texture": "#2"},
				"up": {"uv": [3, 1, 6, 15], "texture": "#2"},
				"down": {"uv": [3, 1, 6, 15], "texture": "#2"}
			}
		},
		{
			"from": [7.875, 20, 5],
			"to": [8.125, 21, 6],
			"rotation": {"angle": 0, "axis": "y", "origin": [0, 0, -1]},
			"faces": {
				"north": {"uv": [16, 10, 15, 15], "texture": "#1"},
				"east": {"uv": [5, 10, 0, 15], "texture": "#1"},
				"south": {"uv": [15, 10, 16, 15], "texture": "#1"},
				"west": {"uv": [0, 10, 5, 15], "texture": "#1"},
				"up": {"uv": [0, 0, 0.25, 1], "texture": "#1"},
				"down": {"uv": [0, 0, 0.25, 1], "texture": "#1"}
			}
		},
		{
			"from": [7.875, 9, 5],
			"to": [8.125, 20, 6],
			"rotation": {"angle": 0, "axis": "y", "origin": [0, 0, -1]},
			"faces": {
				"north": {"uv": [15, 10, 16, 15], "texture": "#1"},
				"east": {"uv": [5, 10, 0, 15], "texture": "#1"},
				"south": {"uv": [15, 10, 16, 14.75], "texture": "#1"},
				"west": {"uv": [0, 10, 5, 15], "texture": "#1"},
				"up": {"uv": [0, 0, 0.25, 1], "texture": "#1"},
				"down": {"uv": [0, 0, 0.25, 1], "texture": "#1"}
			}
		},
		{
			"from": [7.875, 21, 5],
			"to": [8.125, 22.425, 6],
			"rotation": {"angle": 0, "axis": "y", "origin": [8, 21.5, 5.5]},
			"faces": {
				"north": {"uv": [15, 10, 16, 14.925], "texture": "#1"},
				"east": {"uv": [5, 10, 0, 14.925], "texture": "#1"},
				"south": {"uv": [15, 10, 16, 14.925], "texture": "#1"},
				"west": {"uv": [0, 10, 5, 14.925], "texture": "#1"},
				"up": {"uv": [0, 0, 0.25, 1], "texture": "#1"},
				"down": {"uv": [0, 0, 0.25, 1], "texture": "#1"}
			}
		},
		{
			"from": [7.875, 22.10328, 5.1794],
			"to": [8.125, 23.30328, 6.3544],
			"rotation": {"angle": 22.5, "axis": "x", "origin": [8, 22.65328, 5.7294]},
			"faces": {
				"north": {"uv": [15, 10, 16, 15.2], "texture": "#1"},
				"east": {"uv": [4.9, 9.95, 0, 14.95], "texture": "#1"},
				"south": {"uv": [15, 10, 16, 15.2], "texture": "#1"},
				"west": {"uv": [0, 10, 4.925, 14.95], "texture": "#1"},
				"up": {"uv": [0, 0, 0.25, 1.175], "texture": "#1"},
				"down": {"uv": [0, 0, 0.25, 1.175], "texture": "#1"}
			}
		},
		{
			"from": [7.875, 22.69442, 5.16475],
			"to": [8.125, 24.06942, 6.16475],
			"rotation": {"angle": 22.5, "axis": "x", "origin": [8, 22.56942, 5.76475]},
			"faces": {
				"north": {"uv": [16, 10, 15, 14.875], "texture": "#1"},
				"east": {"uv": [5, 10, 0, 15.375], "texture": "#1"},
				"south": {"uv": [15, 10, 16, 14.875], "texture": "#1"},
				"west": {"uv": [0, 10, 5, 15.125], "texture": "#1"},
				"up": {"uv": [0, 0, 0.25, 1], "texture": "#1"},
				"down": {"uv": [0, 0, 0.25, 1], "texture": "#1"}
			}
		},
		{
			"from": [7.875, 22.58131, 6.54906],
			"to": [8.125, 23.58131, 7.92406],
			"rotation": {"angle": -45, "axis": "x", "origin": [8, 22.98131, 5.42406]},
			"faces": {
				"north": {"uv": [15, 10, 16, 15], "rotation": 180, "texture": "#1"},
				"east": {"uv": [5, 10, 0, 15], "rotation": 270, "texture": "#1"},
				"south": {"uv": [15, 10, 16, 15], "texture": "#1"},
				"west": {"uv": [0, 10, 5, 15], "rotation": 90, "texture": "#1"},
				"up": {"uv": [15, 10, 16, 15], "rotation": 180, "texture": "#1"},
				"down": {"uv": [0, 0, 0.25, 1.375], "texture": "#1"}
			}
		},
		{
			"from": [7.875, 24.64647, 8.00396],
			"to": [8.125, 25.63547, 8.97896],
			"rotation": {"angle": 0, "axis": "x", "origin": [8, 25.14097, 8.69146]},
			"faces": {
				"north": {"uv": [15, 10, 16, 15], "rotation": 180, "texture": "#1"},
				"east": {"uv": [0, 15, 5, 10], "rotation": 90, "texture": "#1"},
				"south": {"uv": [13, 8, 14, 9], "texture": "#1"},
				"west": {"uv": [0, 10, 5, 15], "rotation": 270, "texture": "#1"},
				"up": {"uv": [13, 8, 14, 9], "texture": "#1"},
				"down": {"uv": [15, 10, 16, 15], "rotation": 180, "texture": "#1"}
			}
		},
		{
			"from": [7.875, 22.98016, 7.23213],
			"to": [8.125, 23.98016, 8.53213],
			"rotation": {"angle": -22.5, "axis": "x", "origin": [8, 23.48016, 4.10713]},
			"faces": {
				"north": {"uv": [15, 10, 16, 15], "rotation": 180, "texture": "#1"},
				"east": {"uv": [6, 10, 0, 15], "rotation": 270, "texture": "#1"},
				"south": {"uv": [15, 10, 16, 15], "texture": "#1"},
				"west": {"uv": [0, 10, 5.925, 15], "rotation": 90, "texture": "#1"},
				"up": {"uv": [15, 10, 16, 15], "rotation": 180, "texture": "#1"},
				"down": {"uv": [0, 0, 0.25, 1.3], "texture": "#1"}
			}
		},
		{
			"from": [7.75, 9, 6],
			"to": [8.25, 20, 7],
			"faces": {
				"north": {"uv": [1, 9, 1.5, 10], "texture": "#1"},
				"east": {"uv": [1, 9, 2, 10], "texture": "#1"},
				"south": {"uv": [1, 9, 2.5, 10], "texture": "#1"},
				"west": {"uv": [1, 9, 2, 10], "texture": "#1"},
				"up": {"uv": [0, 0, 0.5, 1], "texture": "#1"},
				"down": {"uv": [1, 9, 1.5, 10], "texture": "#1"}
			}
		},
		{
			"from": [7.75, 20, 6],
			"to": [8.25, 21, 7],
			"faces": {
				"north": {"uv": [2, 9, 3.5, 10], "texture": "#1"},
				"east": {"uv": [3, 9, 1, 10], "texture": "#1"},
				"south": {"uv": [1, 10, 2.5, 9], "texture": "#1"},
				"west": {"uv": [1, 9, 3, 10], "texture": "#1"},
				"up": {"uv": [2, 10, 2.5, 9], "texture": "#1"},
				"down": {"uv": [2, 9, 2.5, 10], "texture": "#1"}
			}
		},
		{
			"from": [7.75, 21, 6],
			"to": [8.25, 22.425, 7],
			"rotation": {"angle": 0, "axis": "y", "origin": [8, 21.5, 6.5]},
			"faces": {
				"north": {"uv": [2, 9, 3.5, 10], "texture": "#1"},
				"east": {"uv": [3, 9, 1, 10], "texture": "#1"},
				"south": {"uv": [1, 10, 2.5, 9], "texture": "#1"},
				"west": {"uv": [1, 9, 3, 10], "texture": "#1"},
				"up": {"uv": [2, 10, 2.5, 9], "texture": "#1"},
				"down": {"uv": [2, 9, 2.5, 10], "texture": "#1"}
			}
		},
		{
			"from": [7.75, 21.95328, 6.1294],
			"to": [8.25, 23.15328, 7.3044],
			"rotation": {"angle": 22.5, "axis": "x", "origin": [8, 22.65328, 6.7294]},
			"faces": {
				"north": {"uv": [2, 9, 3.5, 10], "texture": "#1"},
				"east": {"uv": [3, 9, 1.175, 10], "texture": "#1"},
				"south": {"uv": [1, 10, 2.5, 9], "texture": "#1"},
				"west": {"uv": [1, 9, 3.175, 10], "texture": "#1"},
				"up": {"uv": [2, 10, 2.5, 9.175], "texture": "#1"},
				"down": {"uv": [2, 9, 2.5, 10.175], "texture": "#1"}
			}
		},
		{
			"from": [7.75, 22.47388, 6.80058],
			"to": [8.25, 23.47388, 8.17558],
			"rotation": {"angle": -45, "axis": "x", "origin": [8, 22.92388, 6.67558]},
			"faces": {
				"north": {"uv": [2, 9, 3.5, 10], "rotation": 180, "texture": "#1"},
				"east": {"uv": [3, 9, 1, 10], "rotation": 270, "texture": "#1"},
				"south": {"uv": [1, 10, 2.5, 9], "texture": "#1"},
				"west": {"uv": [1, 9, 3, 10], "rotation": 90, "texture": "#1"},
				"up": {"uv": [2, 10, 2.5, 9.375], "rotation": 180, "texture": "#1"},
				"down": {"uv": [2, 9, 2.5, 10.375], "texture": "#1"}
			}
		},
		{
			"from": [7.75, 22.63622, 7.71375],
			"to": [8.25, 23.63622, 9.06375],
			"rotation": {"angle": -22.5, "axis": "x", "origin": [8, 23.13622, 5.58875]},
			"faces": {
				"north": {"uv": [2, 9, 3.5, 10], "rotation": 180, "texture": "#1"},
				"east": {"uv": [3, 9, 1, 10], "rotation": 270, "texture": "#1"},
				"south": {"uv": [10, 10, 11.5, 9], "texture": "#1"},
				"west": {"uv": [1, 9, 3, 10], "rotation": 90, "texture": "#1"},
				"up": {"uv": [2, 10, 2.5, 9.375], "rotation": 180, "texture": "#1"},
				"down": {"uv": [2, 9, 2.5, 10.375], "texture": "#1"}
			}
		},
		{
			"from": [7.75, 23.71251, 8.59966],
			"to": [8.25, 24.91251, 8.99966],
			"rotation": {"angle": 0, "axis": "y", "origin": [8, 24.21251, 8.18716]},
			"faces": {
				"north": {"uv": [2, 9, 3.5, 10], "rotation": 180, "texture": "#1"},
				"east": {"uv": [3, 9, 1.2, 10], "rotation": 270, "texture": "#1"},
				"south": {"uv": [13, 8.075, 14.05, 8.875], "texture": "#1"},
				"west": {"uv": [1, 9, 3.2, 10], "rotation": 90, "texture": "#1"},
				"up": {"uv": [2, 9, 2.5, 9.4], "rotation": 180, "texture": "#1"},
				"down": {"uv": [2, 9, 2.5, 9.4], "texture": "#1"}
			}
		},
		{
			"from": [7.5, 20, 7],
			"to": [8.5, 23, 9],
			"faces": {
				"north": {"uv": [3, 1, 6, 5], "texture": "#2"},
				"east": {"uv": [3, 1, 6, 5], "texture": "#2"},
				"south": {"uv": [3, 1, 6, 5], "texture": "#2"},
				"west": {"uv": [3, 1, 6, 5], "texture": "#2"},
				"up": {"uv": [3, 1, 6, 5], "texture": "#2"},
				"down": {"uv": [3, 1, 6, 5], "texture": "#2"}
			}
		},
		{
			"from": [7.5, 22.8, 7.7],
			"to": [8.4, 23.65, 9],
			"faces": {
				"north": {"uv": [3, 1, 3.9, 2], "texture": "#2"},
				"east": {"uv": [3, 1, 3.3, 2], "texture": "#2"},
				"south": {"uv": [3, 1, 3.9, 2], "texture": "#2"},
				"west": {"uv": [3, 1, 4.3, 2], "texture": "#2"},
				"up": {"uv": [3, 1, 4.3, 1.9], "rotation": 270, "texture": "#2"},
				"down": {"uv": [3, 1, 3.9, 2.3], "texture": "#2"}
			}
		},
		{
			"from": [7.5, 23.15, 8.025],
			"to": [8.4, 23.9, 9],
			"faces": {
				"north": {"uv": [3, 1, 3.9, 2], "texture": "#2"},
				"east": {"uv": [4, 1, 3.975, 1.75], "texture": "#2"},
				"south": {"uv": [3, 1, 3.9, 2], "texture": "#2"},
				"west": {"uv": [3, 1, 4, 2], "texture": "#2"},
				"up": {"uv": [3, 1, 3.975, 1.9], "rotation": 270, "texture": "#2"},
				"down": {"uv": [3, 1, 3.9, 1.975], "texture": "#2"}
			}
		},
		{
			"from": [7.5, 22.7706, 7.15328],
			"to": [8.4, 23.3206, 8.15328],
			"rotation": {"angle": 22.5, "axis": "x", "origin": [8, 23.2706, 7.65328]},
			"faces": {
				"north": {"uv": [3, 1, 3.9, 2], "texture": "#2"},
				"east": {"uv": [3, 1, 3, 2], "texture": "#2"},
				"south": {"uv": [3, 1, 3.9, 2], "texture": "#2"},
				"west": {"uv": [3, 1, 4, 2], "texture": "#2"},
				"up": {"uv": [3, 1, 4, 1.9], "rotation": 270, "texture": "#2"},
				"down": {"uv": [3, 1, 3.9, 2], "texture": "#2"}
			}
		},
		{
			"from": [7.5, 22.6456, 7.35328],
			"to": [8.4, 23.6456, 8.17828],
			"rotation": {"angle": -22.5, "axis": "x", "origin": [8, 23.2706, 7.65328]},
			"faces": {
				"north": {"uv": [3, 1, 3.9, 2], "rotation": 180, "texture": "#2"},
				"east": {"uv": [3, 1, 3, 2], "rotation": 270, "texture": "#2"},
				"south": {"uv": [3, 1, 3.9, 2], "texture": "#2"},
				"west": {"uv": [3, 1, 4, 2], "rotation": 90, "texture": "#2"},
				"up": {"uv": [3, 1, 3.825, 1.9], "rotation": 90, "texture": "#2"},
				"down": {"uv": [3, 1, 3.9, 1.825], "texture": "#2"}
			}
		}
	],
	"display": {
		"thirdperson_righthand": {
			"translation": [0, 0.25, 1.5]
		},
		"firstperson_righthand": {
			"translation": [3.75, 0, 0]
		},
		"firstperson_lefthand": {
			"translation": [3.75, 0, 0]
		},
		"ground": {
			"translation": [0, 3, 0]
		},
		"gui": {
			"rotation": [-90, -42.25, -90],
			"translation": [-3.75, -2.5, 0],
			"scale": [1, 0.78711, 0.94922]
		},
		"fixed": {
			"rotation": [-86.01, 46.65, 87.08],
			"translation": [4.5, -3.5, -0.5]
		}
	},
	"groups": [
		{
			"name": "Handle",
			"origin": [8, 8, 8],
			"color": 0,
			"children": [0, 1, 2, 3, 4, 5, 6, 7, 8, 9]
		},
		{
			"name": "Blade",
			"origin": [8, 8, 8],
			"color": 0,
			"children": [10, 11, 12, 13, 14, 15, 16, 17, 18, 19, 20, 21, 22, 23, 24, 25, 26, 27, 28, 29, 30]
		}
	]
}
