{
	"credit": "@viniochomil",
	"parent": "item/generated",
	"textures": {
		"layer0": "./cutlass"
	},
	"gui_light": "front",
	"display": {
		"thirdperson_righthand": {
			"rotation": [0, -90, 45],
			"translation": [0, 12.25, 2],
			"scale": [1.7, 1.7, 0.85]
		},
		"thirdperson_lefthand": {
			"rotation": [0, 90, -45],
			"translation": [0, 12.25, 2],
			"scale": [1.7, 1.7, 0.85]
		},
		"firstperson_righthand": {
			"rotation": [0, -90, 45],
			"translation": [1.13, 10.2, 1.13],
			"scale": [1.36, 1.36, 0.68]
		},
		"firstperson_lefthand": {
			"rotation": [0, 90, -45],
			"translation": [1.13, 10.2, 1.13],
			"scale": [1.36, 1.36, 0.68]
		},
		"ground": {
			"translation": [0, 4, 0],
			"scale": [1, 1, 0.8]
		},
		"fixed": {
			"rotation": [0, 180, 0],
			"translation": [-0.25, 0, 0.25],
			"scale": [2, 2, 1]
		}
	}
}