{
	"credit": "@viniochomil",
	"texture_size": [64, 64],
	"textures": {
		"1": "./kite_shield"
	},
	"elements": [
		{
			"name": "shield",
			"from": [3, 3, 5.9],
			"to": [13, 17, 5.9],
			"rotation": {"angle": 0, "axis": "y", "origin": [0, -4, 2]},
			"faces": {
				"north": {"uv": [0, 3.75, 2.5, 7.25], "texture": "#1"},
				"east": {"uv": [0, 3.75, 0, 7.25], "texture": "#1"},
				"south": {"uv": [2.5, 3.75, 5, 7.25], "texture": "#1"},
				"west": {"uv": [2.5, 3.75, 2.5, 7.25], "texture": "#1"},
				"up": {"uv": [2.5, 3.75, 0, 3.75], "texture": "#1"},
				"down": {"uv": [5, 3.75, 2.5, 3.75], "texture": "#1"}
			}
		},
		{
			"name": "shield",
			"from": [3, 3, 5.1],
			"to": [13, 17, 5.1],
			"rotation": {"angle": 0, "axis": "y", "origin": [0, -4, 2]},
			"faces": {
				"north": {"uv": [0, 0, 2.5, 3.5], "texture": "#1"},
				"east": {"uv": [0, 0, 0, 3.5], "texture": "#1"},
				"south": {"uv": [2.5, 0, 5, 3.5], "texture": "#1"},
				"west": {"uv": [2.5, 0, 2.5, 3.5], "texture": "#1"},
				"up": {"uv": [2.5, 0, 0, 0], "texture": "#1"},
				"down": {"uv": [5, 0, 2.5, 0], "texture": "#1"}
			}
		},
		{
			"name": "shield",
			"from": [5, 17, 5],
			"to": [11, 18, 6],
			"rotation": {"angle": 0, "axis": "y", "origin": [0, -4, 2]},
			"faces": {
				"north": {"uv": [5.25, 7.5, 6.75, 7.75], "texture": "#1"},
				"east": {"uv": [5, 7.5, 5.25, 7.75], "texture": "#1"},
				"south": {"uv": [7, 7.5, 8.5, 7.75], "texture": "#1"},
				"west": {"uv": [6.75, 7.5, 7, 7.75], "texture": "#1"},
				"up": {"uv": [6.75, 7.5, 5.25, 7.25], "texture": "#1"},
				"down": {"uv": [8.25, 7.25, 6.75, 7.5], "texture": "#1"}
			}
		},
		{
			"name": "shield",
			"from": [7, 2, 4.9],
			"to": [9, 3, 6.1],
			"rotation": {"angle": 0, "axis": "y", "origin": [0, -4, 2]},
			"faces": {
				"north": {"uv": [3, 7.75, 3.5, 8], "texture": "#1"},
				"east": {"uv": [2.75, 7.75, 3, 8], "texture": "#1"},
				"south": {"uv": [3.75, 7.75, 4.25, 8], "texture": "#1"},
				"west": {"uv": [3.5, 7.75, 3.75, 8], "texture": "#1"},
				"up": {"uv": [3.5, 7.75, 3, 7.5], "texture": "#1"},
				"down": {"uv": [4, 7.5, 3.5, 7.75], "texture": "#1"}
			}
		},
		{
			"name": "shield",
			"from": [11.71844, 1.59128, 5],
			"to": [12.91844, 15.59128, 6],
			"rotation": {"angle": -22.5, "axis": "z", "origin": [12.21844, 12.59128, 5.5]},
			"faces": {
				"north": {"uv": [6.75, 3.5, 7, 7], "texture": "#1"},
				"east": {"uv": [6.5, 3.5, 6.75, 7], "texture": "#1"},
				"south": {"uv": [7.25, 3.5, 7.5, 7], "texture": "#1"},
				"west": {"uv": [7, 3.5, 7.25, 7], "texture": "#1"},
				"up": {"uv": [7, 3.5, 6.75, 3.25], "texture": "#1"},
				"down": {"uv": [7.25, 3.25, 7, 3.5], "texture": "#1"}
			}
		},
		{
			"name": "shield",
			"from": [5.56901, 2.08606, 5],
			"to": [6.76901, 16.08606, 6],
			"rotation": {"angle": 22.5, "axis": "z", "origin": [6.26901, 6.58606, 5.5]},
			"faces": {
				"north": {"uv": [5.5, 3.5, 5.75, 7], "texture": "#1"},
				"east": {"uv": [5.25, 3.5, 5.5, 7], "texture": "#1"},
				"south": {"uv": [6, 3.5, 6.25, 7], "texture": "#1"},
				"west": {"uv": [5.75, 3.5, 6, 7], "texture": "#1"},
				"up": {"uv": [5.75, 3.5, 5.5, 3.25], "texture": "#1"},
				"down": {"uv": [6, 3.25, 5.75, 3.5], "texture": "#1"}
			}
		},
		{
			"name": "shield",
			"from": [11.20711, 14.08579, 4.9],
			"to": [12.20711, 18.08579, 6.1],
			"rotation": {"angle": 45, "axis": "z", "origin": [11.70711, 16.58579, 5.5]},
			"faces": {
				"north": {"uv": [5.5, 0.25, 5.75, 1.25], "texture": "#1"},
				"east": {"uv": [5.25, 0.25, 5.5, 1.25], "texture": "#1"},
				"south": {"uv": [6, 0.25, 6.25, 1.25], "texture": "#1"},
				"west": {"uv": [5.75, 0.25, 6, 1.25], "texture": "#1"},
				"up": {"uv": [5.75, 0.25, 5.5, 0], "texture": "#1"},
				"down": {"uv": [6, 0, 5.75, 0.25], "texture": "#1"}
			}
		},
		{
			"name": "shield",
			"from": [3.79289, 14.08579, 4.9],
			"to": [4.79289, 18.08579, 6.1],
			"rotation": {"angle": -45, "axis": "z", "origin": [4.29289, 16.58579, 5.4]},
			"faces": {
				"north": {"uv": [5.5, 0.25, 5.75, 1.25], "texture": "#1"},
				"east": {"uv": [5.25, 0.25, 5.5, 1.25], "texture": "#1"},
				"south": {"uv": [6, 0.25, 6.25, 1.25], "texture": "#1"},
				"west": {"uv": [5.75, 0.25, 6, 1.25], "texture": "#1"},
				"up": {"uv": [5.75, 0.25, 5.5, 0], "texture": "#1"},
				"down": {"uv": [6, 0, 5.75, 0.25], "texture": "#1"}
			}
		},
		{
			"name": "shield",
			"from": [7, 8, 6],
			"to": [9, 14, 12],
			"faces": {
				"north": {"uv": [6.75, 1.5, 7.25, 3], "texture": "#1"},
				"east": {"uv": [5.25, 1.5, 6.75, 3], "texture": "#1"},
				"south": {"uv": [8.75, 1.5, 9.25, 3], "texture": "#1"},
				"west": {"uv": [7.25, 1.5, 8.75, 3], "texture": "#1"},
				"up": {"uv": [7.25, 1.5, 6.75, 0], "texture": "#1"},
				"down": {"uv": [7.75, 0, 7.25, 1.5], "texture": "#1"}
			}
		}
	],
	"gui_light": "front",
	"display": {
		"thirdperson_righthand": {
			"rotation": [0, -90, 0],
			"translation": [1, -5, 4]
		},
		"thirdperson_lefthand": {
			"rotation": [0, -90, 0],
			"translation": [1, -5, 4]
		},
		"firstperson_righthand": {
			"translation": [0, -2.5, 4]
		},
		"firstperson_lefthand": {
			"translation": [0, -2.5, 4]
		},
		"ground": {
			"scale": [0.5, 0.5, 0.5]
		},
		"gui": {
			"rotation": [0, -180, 0],
			"translation": [0, -2, 0],
			"scale": [0.8, 0.8, 0.8]
		},
		"fixed": {
			"translation": [0, -2, 1.75]
		}
	}
}