{
	"credit": "@viniochomil",
	"texture_size": [32, 32],
	"textures": {
		"0": "./buckler_shield",
		"particle": "./buckler_shield"
	},
	"elements": [
		{
			"name": "shield",
			"from": [2, 2, 10],
			"to": [14, 14, 11],
			"faces": {
				"north": {"uv": [0.5, 0.5, 6.5, 6.5], "texture": "#0"},
				"east": {"uv": [0, 0.5, 0.5, 6.5], "texture": "#0"},
				"south": {"uv": [7, 0.5, 13, 6.5], "texture": "#0"},
				"west": {"uv": [6.5, 0.5, 7, 6.5], "texture": "#0"},
				"up": {"uv": [6.5, 0.5, 0.5, 0], "texture": "#0"},
				"down": {"uv": [12.5, 0, 6.5, 0.5], "texture": "#0"}
			}
		},
		{
			"name": "shield",
			"from": [7, 5, 4],
			"to": [9, 11, 10],
			"faces": {
				"north": {"uv": [3, 10, 4, 13], "texture": "#0"},
				"east": {"uv": [0, 10, 3, 13], "texture": "#0"},
				"south": {"uv": [7, 10, 8, 13], "texture": "#0"},
				"west": {"uv": [4, 10, 7, 13], "texture": "#0"},
				"up": {"uv": [4, 10, 3, 7], "texture": "#0"},
				"down": {"uv": [5, 7, 4, 10], "texture": "#0"}
			}
		}
	],
	"gui_light": "front",
	"display": {
		"thirdperson_righthand": {
			"rotation": [45, 145, 0],
			"translation": [3.51, -0.25, -1.25]
		},
		"thirdperson_lefthand": {
			"rotation": [45, 145, 0],
			"translation": [3.51, -0.25, -1.25]
		},
		"firstperson_righthand": {
			"rotation": [0, -180, 0],
			"translation": [-1.5, 1.75, 2.75]
		},
		"firstperson_lefthand": {
			"rotation": [0, -180, 0],
			"translation": [-1.5, 1.75, 2.75]
		},
		"ground": {
			"scale": [0.5, 0.5, 0.5]
		},
		"fixed": {
			"rotation": [0, 180, 0],
			"translation": [0, 0, 1]
		}
	}
}