{
	"credit": "@viniochomil",
	"texture_size": [64, 64],
	"textures": {
		"0": "./tower_shield",
		"particle": "./tower_shield"
	},
	"elements": [
		{
			"name": "shield",
			"from": [7, 8, 6],
			"to": [9, 14, 12],
			"faces": {
				"north": {"uv": [7.75, 7, 8.25, 8.5], "texture": "#0"},
				"east": {"uv": [6.25, 7, 7.75, 8.5], "texture": "#0"},
				"south": {"uv": [9.75, 7, 10.25, 8.5], "texture": "#0"},
				"west": {"uv": [8.25, 7, 9.75, 8.5], "texture": "#0"},
				"up": {"uv": [8.25, 7, 7.75, 5.5], "texture": "#0"},
				"down": {"uv": [8.75, 5.5, 8.25, 7], "texture": "#0"}
			}
		},
		{
			"name": "shield",
			"from": [1, -2, 5],
			"to": [15, 24, 6],
			"faces": {
				"north": {"uv": [0.25, 0.25, 3.75, 6.75], "texture": "#0"},
				"east": {"uv": [0, 0.25, 0.25, 6.75], "texture": "#0"},
				"south": {"uv": [4, 0.25, 7.5, 6.75], "texture": "#0"},
				"west": {"uv": [3.75, 0.25, 4, 6.75], "texture": "#0"},
				"up": {"uv": [3.75, 0.25, 0.25, 0], "texture": "#0"},
				"down": {"uv": [7.25, 0, 3.75, 0.25], "texture": "#0"}
			}
		},
		{
			"from": [5, 8.05, 4],
			"to": [11, 14.05, 5],
			"faces": {
				"north": {"uv": [0.25, 7.25, 1.75, 8.75], "texture": "#0"},
				"east": {"uv": [0, 7.25, 0.25, 8.75], "texture": "#0"},
				"south": {"uv": [2, 7.25, 3.5, 8.75], "texture": "#0"},
				"west": {"uv": [1.75, 7.25, 2, 8.75], "texture": "#0"},
				"up": {"uv": [1.75, 7.25, 0.25, 7], "texture": "#0"},
				"down": {"uv": [3.25, 7, 1.75, 7.25], "texture": "#0"}
			}
		}
	],
	"gui_light": "front",
	"display": {
		"thirdperson_righthand": {
			"rotation": [45, -40, 0],
			"translation": [3.51, -0.25, -1.25]
		},
		"thirdperson_lefthand": {
			"rotation": [45, -40, 0],
			"translation": [3.51, -0.25, -1.25]
		},
		"firstperson_righthand": {
			"translation": [-2.5, -1.75, 4]
		},
		"firstperson_lefthand": {
			"translation": [-2.5, -1.75, 4]
		},
		"ground": {
			"translation": [0, 2, 0],
			"scale": [0.5, 0.5, 0.5]
		},
		"gui": {
			"rotation": [0, -180, 0],
			"translation": [0, -1.75, 1],
			"scale": [0.55, 0.55, 0.55]
		},
		"fixed": {
			"translation": [0, -1.75, 1],
			"scale": [0.6, 0.6, 0.6]
		}
	}
}