{
	"credit": "@ViniOchomil",
	"texture_size": [32, 32],
	"textures": {
		"0": "./hammer",
		"particle": "./hammer"
	},
	"elements": [
		{
			"from": [6, 5.5063, 10.99039],
			"to": [10, 9.0063, 11.99039],
			"rotation": {"angle": 45, "axis": "x", "origin": [7.54, 7.03678, 7.00145]},
			"faces": {
				"north": {"uv": [7.5, 4.5, 9.5, 6], "texture": "#0"},
				"east": {"uv": [7, 4.5, 7.5, 6], "texture": "#0"},
				"south": {"uv": [10, 4.5, 12, 6], "texture": "#0"},
				"west": {"uv": [9.5, 4.5, 10, 6], "texture": "#0"},
				"up": {"uv": [9.5, 4.5, 7.5, 4], "texture": "#0"},
				"down": {"uv": [11.5, 4, 9.5, 4.5], "texture": "#0"}
			}
		},
		{
			"from": [6.75, 6.2563, 8.99039],
			"to": [9.25, 8.2563, 10.99039],
			"rotation": {"angle": 45, "axis": "x", "origin": [7.54, 7.03678, 7.00145]},
			"faces": {
				"north": {"uv": [5, 1, 6, 2], "texture": "#0"},
				"east": {"uv": [4, 1, 5, 2], "texture": "#0"},
				"south": {"uv": [7, 1, 8, 2], "texture": "#0"},
				"west": {"uv": [6, 1, 7, 2], "texture": "#0"},
				"up": {"uv": [6, 1, 5, 0], "texture": "#0"},
				"down": {"uv": [7, 0, 6, 1], "texture": "#0"}
			}
		},
		{
			"from": [6, 5.5063, 4.99039],
			"to": [10, 9.0063, 8.99039],
			"rotation": {"angle": 45, "axis": "x", "origin": [7.54, 7.03678, 7.00145]},
			"faces": {
				"north": {"uv": [4, 4.5, 6, 6], "texture": "#0"},
				"east": {"uv": [2, 4.5, 4, 6], "texture": "#0"},
				"south": {"uv": [8, 4.5, 10, 6], "texture": "#0"},
				"west": {"uv": [6, 4.5, 8, 6], "texture": "#0"},
				"up": {"uv": [6, 4.5, 4, 2.5], "texture": "#0"},
				"down": {"uv": [8, 2.5, 6, 4.5], "texture": "#0"}
			}
		},
		{
			"from": [8.4, 8.1549, 3.93298],
			"to": [9.9, 10.6549, 6.93298],
			"rotation": {"angle": 22.5, "axis": "x", "origin": [7.9, 10.1549, 4.93298]},
			"faces": {
				"north": {"uv": [5.5, 4.5, 6, 5.5], "texture": "#0"},
				"east": {"uv": [4, 4.5, 5.5, 5.5], "texture": "#0"},
				"south": {"uv": [7.5, 4.5, 8, 5.5], "texture": "#0"},
				"west": {"uv": [6, 4.5, 7.5, 5.5], "texture": "#0"},
				"up": {"uv": [6, 4.5, 5.5, 3], "texture": "#0"},
				"down": {"uv": [6.5, 3, 6, 4.5], "texture": "#0"}
			}
		},
		{
			"from": [6.1, 7.12598, 2.89718],
			"to": [7.6, 9.62598, 5.89718],
			"rotation": {"angle": 22.5, "axis": "x", "origin": [7.54, 7.03678, 7.00145]},
			"faces": {
				"north": {"uv": [5.5, 4.5, 6, 5.5], "texture": "#0"},
				"east": {"uv": [4, 4.5, 5.5, 5.5], "texture": "#0"},
				"south": {"uv": [7.5, 4.5, 8, 5.5], "texture": "#0"},
				"west": {"uv": [6, 4.5, 7.5, 5.5], "texture": "#0"},
				"up": {"uv": [6, 4.5, 5.5, 3], "texture": "#0"},
				"down": {"uv": [6.5, 3, 6, 4.5], "texture": "#0"}
			}
		},
		{
			"from": [8.65, 8.71356, 1.50596],
			"to": [9.65, 10.46356, 4.50596],
			"rotation": {"angle": -22.5, "axis": "x", "origin": [7.9, 9.96356, 3.00596]},
			"faces": {
				"north": {"uv": [5.5, 4.5, 6, 5], "texture": "#0"},
				"east": {"uv": [4, 4.5, 5.5, 5], "texture": "#0"},
				"south": {"uv": [7.5, 4.5, 8, 5], "texture": "#0"},
				"west": {"uv": [6, 4.5, 7.5, 5], "texture": "#0"},
				"up": {"uv": [6, 4.5, 5.5, 3], "texture": "#0"},
				"down": {"uv": [6.5, 3, 6, 4.5], "texture": "#0"}
			}
		},
		{
			"from": [6.35, 10.01978, 2.93013],
			"to": [7.35, 11.76978, 5.93013],
			"rotation": {"angle": -22.5, "axis": "x", "origin": [7.54, 7.03678, 7.00145]},
			"faces": {
				"north": {"uv": [5.5, 3, 6, 3.5], "texture": "#0"},
				"east": {"uv": [4, 3, 5.5, 3.5], "texture": "#0"},
				"south": {"uv": [7.5, 3, 8, 3.5], "texture": "#0"},
				"west": {"uv": [6, 3, 7.5, 3.5], "texture": "#0"},
				"up": {"uv": [6, 3, 5.5, 1.5], "texture": "#0"},
				"down": {"uv": [6.5, 1.5, 6, 3], "texture": "#0"}
			}
		},
		{
			"name": "2",
			"from": [7.5, 6, 5],
			"to": [8.5, 7, 7],
			"rotation": {"angle": 0, "axis": "y", "origin": [8, 16, 15]},
			"faces": {
				"north": {"uv": [6.5, 8, 7, 8.5], "texture": "#0"},
				"east": {"uv": [5.5, 8, 6.5, 8.5], "texture": "#0"},
				"south": {"uv": [8, 8, 8.5, 8.5], "texture": "#0"},
				"west": {"uv": [7, 8, 8, 8.5], "texture": "#0"},
				"up": {"uv": [7, 8, 6.5, 7], "texture": "#0"},
				"down": {"uv": [7.5, 7, 7, 8], "texture": "#0"}
			}
		},
		{
			"name": "3",
			"from": [7.5, 2, 1],
			"to": [8.5, 3, 4],
			"rotation": {"angle": 0, "axis": "y", "origin": [8, 10, 9]},
			"faces": {
				"north": {"uv": [1.5, 11, 2, 11.5], "texture": "#0"},
				"east": {"uv": [0, 11, 1.5, 11.5], "texture": "#0"},
				"south": {"uv": [3.5, 11, 4, 11.5], "texture": "#0"},
				"west": {"uv": [2, 11, 3.5, 11.5], "texture": "#0"},
				"up": {"uv": [2, 11, 1.5, 9.5], "texture": "#0"},
				"down": {"uv": [2.5, 9.5, 2, 11], "texture": "#0"}
			}
		},
		{
			"name": "3",
			"from": [7.5, 1, 0],
			"to": [8.5, 2, 3],
			"rotation": {"angle": 0, "axis": "y", "origin": [8, 10, 9]},
			"faces": {
				"north": {"uv": [1.5, 8, 2, 8.5], "texture": "#0"},
				"east": {"uv": [0, 8, 1.5, 8.5], "texture": "#0"},
				"south": {"uv": [3.5, 8, 4, 8.5], "texture": "#0"},
				"west": {"uv": [2, 8, 3.5, 8.5], "texture": "#0"},
				"up": {"uv": [2, 8, 1.5, 6.5], "texture": "#0"},
				"down": {"uv": [2.5, 6.5, 2, 8], "texture": "#0"}
			}
		},
		{
			"name": "3",
			"from": [7.5, 4, 3],
			"to": [8.5, 5, 6],
			"rotation": {"angle": 0, "axis": "y", "origin": [8, 12, 11]},
			"faces": {
				"north": {"uv": [1.5, 11, 2, 11.5], "texture": "#0"},
				"east": {"uv": [0, 11, 1.5, 11.5], "texture": "#0"},
				"south": {"uv": [3.5, 11, 4, 11.5], "texture": "#0"},
				"west": {"uv": [2, 11, 3.5, 11.5], "texture": "#0"},
				"up": {"uv": [2, 11, 1.5, 9.5], "texture": "#0"},
				"down": {"uv": [2.5, 9.5, 2, 11], "texture": "#0"}
			}
		},
		{
			"name": "4",
			"from": [7.5, 5, 4],
			"to": [8.5, 6, 7],
			"rotation": {"angle": 0, "axis": "y", "origin": [8, 12, 11]},
			"faces": {
				"north": {"uv": [1.5, 8, 2, 8.5], "texture": "#0"},
				"east": {"uv": [0, 8, 1.5, 8.5], "texture": "#0"},
				"south": {"uv": [3.5, 8, 4, 8.5], "texture": "#0"},
				"west": {"uv": [2, 8, 3.5, 8.5], "texture": "#0"},
				"up": {"uv": [2, 8, 1.5, 6.5], "texture": "#0"},
				"down": {"uv": [2.5, 6.5, 2, 8], "texture": "#0"}
			}
		},
		{
			"name": "3",
			"from": [7.5, 3, 2],
			"to": [8.5, 4, 5],
			"rotation": {"angle": 0, "axis": "y", "origin": [8, 11, 10]},
			"faces": {
				"north": {"uv": [1.5, 8, 2, 8.5], "texture": "#0"},
				"east": {"uv": [0, 8, 1.5, 8.5], "texture": "#0"},
				"south": {"uv": [3.5, 8, 4, 8.5], "texture": "#0"},
				"west": {"uv": [2, 8, 3.5, 8.5], "texture": "#0"},
				"up": {"uv": [2, 8, 1.5, 6.5], "texture": "#0"},
				"down": {"uv": [2.5, 6.5, 2, 8], "texture": "#0"}
			}
		},
		{
			"name": "2",
			"from": [7.5, 0, 0],
			"to": [8.5, 1, 2],
			"rotation": {"angle": 0, "axis": "y", "origin": [8, 9, 9]},
			"faces": {
				"north": {"uv": [1, 1, 1.5, 1.5], "texture": "#0"},
				"east": {"uv": [0, 1, 1, 1.5], "texture": "#0"},
				"south": {"uv": [2.5, 1, 3, 1.5], "texture": "#0"},
				"west": {"uv": [1.5, 1, 2.5, 1.5], "texture": "#0"},
				"up": {"uv": [1.5, 1, 1, 0], "texture": "#0"},
				"down": {"uv": [2, 0, 1.5, 1], "texture": "#0"}
			}
		}
	],
	"gui_light": "front",
	"display": {
		"thirdperson_righthand": {
			"rotation": [-135, 0, -180],
			"translation": [0, 5.5, 2]
		},
		"thirdperson_lefthand": {
			"rotation": [-135, 0, -180],
			"translation": [0, 5.5, 2]
		},
		"firstperson_righthand": {
			"rotation": [24, -180, 0],
			"translation": [4.25, 3, -5.5]
		},
		"firstperson_lefthand": {
			"rotation": [24, -180, 0],
			"translation": [4.25, 3, -5.5]
		},
		"ground": {
			"translation": [0, 1, 0],
			"scale": [0.5, 0.5, 0.5]
		},
		"gui": {
			"rotation": [0, 90, 0],
			"translation": [3, 2, 0]
		},
		"head": {
			"rotation": [0, 90, 0],
			"translation": [-8, 10, 0.75],
			"scale": [1.2, 1.2, 1.2]
		},
		"fixed": {
			"rotation": [0, -90, 0],
			"translation": [-2, 2, -0.25],
			"scale": [0.8, 0.8, 0.8]
		}
	}
}