{
	"credit": "@viniochomil",
	"texture_size": [32, 32],
	"textures": {
		"1": "./stone_battlehammer"
	},
	"elements": [
		{
			"from": [4.5, 6.15, 7.6],
			"to": [11.5, 13.15, 19.6],
			"rotation": {"angle": 45, "axis": "x", "origin": [14, 11, 20]},
			"faces": {
				"north": {"uv": [0, 8, 3, 11.5], "texture": "#1"},
				"east": {"uv": [0, 0, 6, 3.5], "texture": "#1"},
				"south": {"uv": [10, 0, 13, 3.5], "texture": "#1"},
				"west": {"uv": [0, 4, 6, 7.5], "texture": "#1"},
				"up": {"uv": [9.5, 6, 6.5, 0], "texture": "#1"},
				"down": {"uv": [9.5, 6.5, 6.5, 12.5], "texture": "#1"}
			}
		},
		{
			"from": [7.5, 13, 12],
			"to": [8.5, 14, 14],
			"rotation": {"angle": 0, "axis": "y", "origin": [8, 9, 9]},
			"faces": {
				"north": {"uv": [1, 12, 1.5, 12.5], "texture": "#1"},
				"east": {"uv": [10, 9, 11, 9.5], "texture": "#1"},
				"south": {"uv": [2, 12, 2.5, 12.5], "texture": "#1"},
				"west": {"uv": [10, 10, 11, 10.5], "texture": "#1"},
				"up": {"uv": [5, 12, 4.5, 11], "texture": "#1"},
				"down": {"uv": [11.5, 5, 11, 6], "texture": "#1"}
			}
		},
		{
			"from": [7.5, 2, 1],
			"to": [8.5, 3, 4],
			"shade": false,
			"rotation": {"angle": 0, "axis": "y", "origin": [8, 10, 9]},
			"faces": {
				"north": {"uv": [11, 11, 11.5, 11.5], "texture": "#1"},
				"east": {"uv": [3.5, 8, 5, 8.5], "texture": "#1"},
				"south": {"uv": [11.5, 8.5, 12, 9], "texture": "#1"},
				"west": {"uv": [3.5, 9, 5, 9.5], "texture": "#1"},
				"up": {"uv": [6, 9.5, 5.5, 8], "texture": "#1"},
				"down": {"uv": [4, 10, 3.5, 11.5], "texture": "#1"}
			}
		},
		{
			"from": [7.5, 1, 0],
			"to": [8.5, 2, 3],
			"rotation": {"angle": 0, "axis": "y", "origin": [8, 10, 9]},
			"faces": {
				"north": {"uv": [11.5, 9.5, 12, 10], "texture": "#1"},
				"east": {"uv": [10, 4, 11.5, 4.5], "texture": "#1"},
				"south": {"uv": [0, 12, 0.5, 12.5], "texture": "#1"},
				"west": {"uv": [4.5, 10, 6, 10.5], "texture": "#1"},
				"up": {"uv": [10.5, 6.5, 10, 5], "texture": "#1"},
				"down": {"uv": [10.5, 7, 10, 8.5], "texture": "#1"}
			}
		},
		{
			"from": [7.5, 4, 3],
			"to": [8.5, 5, 6],
			"shade": false,
			"rotation": {"angle": 0, "axis": "y", "origin": [8, 10, 9]},
			"faces": {
				"north": {"uv": [11, 11, 11.5, 11.5], "texture": "#1"},
				"east": {"uv": [3.5, 8, 5, 8.5], "texture": "#1"},
				"south": {"uv": [11.5, 8.5, 12, 9], "texture": "#1"},
				"west": {"uv": [3.5, 9, 5, 9.5], "texture": "#1"},
				"up": {"uv": [6, 9.5, 5.5, 8], "texture": "#1"},
				"down": {"uv": [4, 10, 3.5, 11.5], "texture": "#1"}
			}
		},
		{
			"from": [7.5, 3, 2],
			"to": [8.5, 4, 5],
			"rotation": {"angle": 0, "axis": "y", "origin": [8, 10, 9]},
			"faces": {
				"north": {"uv": [11.5, 9.5, 12, 10], "texture": "#1"},
				"east": {"uv": [10, 4, 11.5, 4.5], "texture": "#1"},
				"south": {"uv": [0, 12, 0.5, 12.5], "texture": "#1"},
				"west": {"uv": [4.5, 10, 6, 10.5], "texture": "#1"},
				"up": {"uv": [10.5, 6.5, 10, 5], "texture": "#1"},
				"down": {"uv": [10.5, 7, 10, 8.5], "texture": "#1"}
			}
		},
		{
			"from": [7.5, 6, 5],
			"to": [8.5, 7, 8],
			"shade": false,
			"rotation": {"angle": 0, "axis": "y", "origin": [8, 10, 9]},
			"faces": {
				"north": {"uv": [11, 11, 11.5, 11.5], "texture": "#1"},
				"east": {"uv": [3.5, 8, 5, 8.5], "texture": "#1"},
				"south": {"uv": [11.5, 8.5, 12, 9], "texture": "#1"},
				"west": {"uv": [3.5, 9, 5, 9.5], "texture": "#1"},
				"up": {"uv": [6, 9.5, 5.5, 8], "texture": "#1"},
				"down": {"uv": [4, 10, 3.5, 11.5], "texture": "#1"}
			}
		},
		{
			"from": [7.5, 5, 4],
			"to": [8.5, 6, 7],
			"rotation": {"angle": 0, "axis": "y", "origin": [8, 10, 9]},
			"faces": {
				"north": {"uv": [11.5, 9.5, 12, 10], "texture": "#1"},
				"east": {"uv": [10, 4, 11.5, 4.5], "texture": "#1"},
				"south": {"uv": [0, 12, 0.5, 12.5], "texture": "#1"},
				"west": {"uv": [4.5, 10, 6, 10.5], "texture": "#1"},
				"up": {"uv": [10.5, 6.5, 10, 5], "texture": "#1"},
				"down": {"uv": [10.5, 7, 10, 8.5], "texture": "#1"}
			}
		},
		{
			"from": [7.5, 8, 7],
			"to": [8.5, 9, 10],
			"shade": false,
			"rotation": {"angle": 0, "axis": "y", "origin": [8, 10, 9]},
			"faces": {
				"north": {"uv": [11, 11, 11.5, 11.5], "texture": "#1"},
				"east": {"uv": [3.5, 8, 5, 8.5], "texture": "#1"},
				"south": {"uv": [11.5, 8.5, 12, 9], "texture": "#1"},
				"west": {"uv": [3.5, 9, 5, 9.5], "texture": "#1"},
				"up": {"uv": [6, 9.5, 5.5, 8], "texture": "#1"},
				"down": {"uv": [4, 10, 3.5, 11.5], "texture": "#1"}
			}
		},
		{
			"from": [7.5, 7, 6],
			"to": [8.5, 8, 9],
			"rotation": {"angle": 0, "axis": "y", "origin": [8, 10, 9]},
			"faces": {
				"north": {"uv": [11.5, 9.5, 12, 10], "texture": "#1"},
				"east": {"uv": [10, 4, 11.5, 4.5], "texture": "#1"},
				"south": {"uv": [0, 12, 0.5, 12.5], "texture": "#1"},
				"west": {"uv": [4.5, 10, 6, 10.5], "texture": "#1"},
				"up": {"uv": [10.5, 6.5, 10, 5], "texture": "#1"},
				"down": {"uv": [10.5, 7, 10, 8.5], "texture": "#1"}
			}
		},
		{
			"from": [7.5, 9, 8],
			"to": [8.5, 10, 11],
			"rotation": {"angle": 0, "axis": "y", "origin": [8, 10, 9]},
			"faces": {
				"north": {"uv": [11.5, 9.5, 12, 10], "texture": "#1"},
				"east": {"uv": [10, 4, 11.5, 4.5], "texture": "#1"},
				"south": {"uv": [0, 12, 0.5, 12.5], "texture": "#1"},
				"west": {"uv": [4.5, 10, 6, 10.5], "texture": "#1"},
				"up": {"uv": [10.5, 6.5, 10, 5], "texture": "#1"},
				"down": {"uv": [10.5, 7, 10, 8.5], "texture": "#1"}
			}
		},
		{
			"from": [7.5, 10, 9],
			"to": [8.5, 11, 12],
			"shade": false,
			"rotation": {"angle": 0, "axis": "y", "origin": [8, 10, 9]},
			"faces": {
				"north": {"uv": [11, 11, 11.5, 11.5], "texture": "#1"},
				"east": {"uv": [3.5, 8, 5, 8.5], "texture": "#1"},
				"south": {"uv": [11.5, 8.5, 12, 9], "texture": "#1"},
				"west": {"uv": [3.5, 9, 5, 9.5], "texture": "#1"},
				"up": {"uv": [6, 9.5, 5.5, 8], "texture": "#1"},
				"down": {"uv": [4, 10, 3.5, 11.5], "texture": "#1"}
			}
		},
		{
			"from": [7.5, 11, 10],
			"to": [8.5, 12, 13],
			"rotation": {"angle": 0, "axis": "y", "origin": [8, 10, 9]},
			"faces": {
				"north": {"uv": [11.5, 9.5, 12, 10], "texture": "#1"},
				"east": {"uv": [10, 4, 11.5, 4.5], "texture": "#1"},
				"south": {"uv": [0, 12, 0.5, 12.5], "texture": "#1"},
				"west": {"uv": [4.5, 10, 6, 10.5], "texture": "#1"},
				"up": {"uv": [10.5, 6.5, 10, 5], "texture": "#1"},
				"down": {"uv": [10.5, 7, 10, 8.5], "texture": "#1"}
			}
		},
		{
			"from": [7.5, 12, 11],
			"to": [8.5, 13, 14],
			"shade": false,
			"rotation": {"angle": 0, "axis": "y", "origin": [8, 10, 9]},
			"faces": {
				"north": {"uv": [11, 11, 11.5, 11.5], "texture": "#1"},
				"east": {"uv": [3.5, 8, 5, 8.5], "texture": "#1"},
				"south": {"uv": [11.5, 8.5, 12, 9], "texture": "#1"},
				"west": {"uv": [3.5, 9, 5, 9.5], "texture": "#1"},
				"up": {"uv": [6, 9.5, 5.5, 8], "texture": "#1"},
				"down": {"uv": [4, 10, 3.5, 11.5], "texture": "#1"}
			}
		},
		{
			"from": [7.5, 0, 0],
			"to": [8.5, 1, 2],
			"rotation": {"angle": 0, "axis": "y", "origin": [8, 9, 9]},
			"faces": {
				"north": {"uv": [3, 12, 3.5, 12.5], "texture": "#1"},
				"east": {"uv": [11, 6.5, 12, 7], "texture": "#1"},
				"south": {"uv": [12, 4, 12.5, 4.5], "texture": "#1"},
				"west": {"uv": [11, 7.5, 12, 8], "texture": "#1"},
				"up": {"uv": [6, 12, 5.5, 11], "texture": "#1"},
				"down": {"uv": [10.5, 11, 10, 12], "texture": "#1"}
			}
		}
	],
	"gui_light": "front",
	"display": {
		"thirdperson_righthand": {
			"rotation": [-45, 0, 0],
			"translation": [0, 1.5, 2]
		},
		"thirdperson_lefthand": {
			"rotation": [-45, 0, 0],
			"translation": [0, 1.5, 2]
		},
		"firstperson_righthand": {
			"rotation": [-50, 0, 0],
			"translation": [6, 1.5, -2.5]
		},
		"firstperson_lefthand": {
			"rotation": [-50, 0, 0],
			"translation": [6, 1.5, -2.5]
		},
		"ground": {
			"scale": [0.5, 0.5, 0.5]
		},
		"gui": {
			"rotation": [0, 90, 0],
			"translation": [-1.75, -1.75, 0],
			"scale": [0.7, 0.7, 0.7]
		},
		"head": {
			"rotation": [0, 90, 0],
			"translation": [-12, 1.5, 0.75],
			"scale": [1.2, 1.2, 1.2]
		},
		"fixed": {
			"rotation": [0, -90, 0],
			"translation": [2, -2, 0]
		}
	}
}