{
	"credit": "@viniochomil",
	"texture_size": [32, 32],
	"textures": {
		"0": "./diamond_mace",
		"particle": "./diamond_mace"
	},
	"elements": [
		{
			"from": [5.5, 8, 8],
			"to": [10.5, 13, 13],
			"rotation": {"angle": 0, "axis": "y", "origin": [14, 16, 16]},
			"faces": {
				"north": {"uv": [2.5, 2.5, 5, 5], "texture": "#0"},
				"east": {"uv": [0, 2.5, 2.5, 5], "texture": "#0"},
				"south": {"uv": [7.5, 2.5, 10, 5], "texture": "#0"},
				"west": {"uv": [5, 2.5, 7.5, 5], "texture": "#0"},
				"up": {"uv": [5, 2.5, 2.5, 0], "texture": "#0"},
				"down": {"uv": [7.5, 0, 5, 2.5], "texture": "#0"}
			}
		},
		{
			"from": [3.5, 10, 10],
			"to": [5.5, 11, 11],
			"rotation": {"angle": 0, "axis": "y", "origin": [5, 18, 18]},
			"faces": {
				"north": {"uv": [11, 7, 12, 7.5], "texture": "#0"},
				"east": {"uv": [10.5, 7, 11, 7.5], "texture": "#0"},
				"south": {"uv": [12.5, 7, 13.5, 7.5], "texture": "#0"},
				"west": {"uv": [12, 7, 12.5, 7.5], "texture": "#0"},
				"up": {"uv": [12, 7, 11, 6.5], "texture": "#0"},
				"down": {"uv": [13, 6.5, 12, 7], "texture": "#0"}
			}
		},
		{
			"from": [7.5, 10, 13],
			"to": [8.5, 11, 15],
			"rotation": {"angle": 0, "axis": "y", "origin": [8, 18, 21]},
			"faces": {
				"north": {"uv": [8, 12, 8.5, 12.5], "texture": "#0"},
				"east": {"uv": [7, 12, 8, 12.5], "texture": "#0"},
				"south": {"uv": [9.5, 12, 10, 12.5], "texture": "#0"},
				"west": {"uv": [8.5, 12, 9.5, 12.5], "texture": "#0"},
				"up": {"uv": [8.5, 12, 8, 11], "texture": "#0"},
				"down": {"uv": [9, 11, 8.5, 12], "texture": "#0"}
			}
		},
		{
			"from": [7.5, 13, 10],
			"to": [8.5, 15, 11],
			"rotation": {"angle": 0, "axis": "y", "origin": [8, 21, 18]},
			"faces": {
				"north": {"uv": [11, 11.5, 11.5, 12.5], "texture": "#0"},
				"east": {"uv": [10.5, 11.5, 11, 12.5], "texture": "#0"},
				"south": {"uv": [12, 11.5, 12.5, 12.5], "texture": "#0"},
				"west": {"uv": [11.5, 11.5, 12, 12.5], "texture": "#0"},
				"up": {"uv": [11.5, 11.5, 11, 11], "texture": "#0"},
				"down": {"uv": [12, 11, 11.5, 11.5], "texture": "#0"}
			}
		},
		{
			"from": [10.5, 10, 10],
			"to": [12.5, 11, 11],
			"rotation": {"angle": 0, "axis": "y", "origin": [11, 18, 18]},
			"faces": {
				"north": {"uv": [11, 3, 12, 3.5], "texture": "#0"},
				"east": {"uv": [10.5, 3, 11, 3.5], "texture": "#0"},
				"south": {"uv": [12.5, 3, 13.5, 3.5], "texture": "#0"},
				"west": {"uv": [12, 3, 12.5, 3.5], "texture": "#0"},
				"up": {"uv": [12, 3, 11, 2.5], "texture": "#0"},
				"down": {"uv": [13, 2.5, 12, 3], "texture": "#0"}
			}
		},
		{
			"from": [7.5, 10, 6],
			"to": [8.5, 11, 8],
			"rotation": {"angle": 0, "axis": "y", "origin": [8, 18, 15]},
			"faces": {
				"north": {"uv": [4.5, 11.5, 5, 12], "texture": "#0"},
				"east": {"uv": [3.5, 11.5, 4.5, 12], "texture": "#0"},
				"south": {"uv": [6, 11.5, 6.5, 12], "texture": "#0"},
				"west": {"uv": [5, 11.5, 6, 12], "texture": "#0"},
				"up": {"uv": [5, 11.5, 4.5, 10.5], "texture": "#0"},
				"down": {"uv": [5.5, 10.5, 5, 11.5], "texture": "#0"}
			}
		},
		{
			"from": [7.5, 6, 10],
			"to": [8.5, 8, 11],
			"rotation": {"angle": 0, "axis": "y", "origin": [8, 15, 18]},
			"faces": {
				"north": {"uv": [0.5, 0.5, 1, 1.5], "texture": "#0"},
				"east": {"uv": [0, 0.5, 0.5, 1.5], "texture": "#0"},
				"south": {"uv": [1.5, 0.5, 2, 1.5], "texture": "#0"},
				"west": {"uv": [1, 0.5, 1.5, 1.5], "texture": "#0"},
				"up": {"uv": [1, 0.5, 0.5, 0], "texture": "#0"},
				"down": {"uv": [1.5, 0, 1, 0.5], "texture": "#0"}
			}
		},
		{
			"from": [7.5, 8, 7],
			"to": [8.5, 9, 9],
			"rotation": {"angle": 0, "axis": "y", "origin": [8, 16, 15]},
			"faces": {
				"north": {"uv": [1, 11.5, 1.5, 12], "texture": "#0"},
				"east": {"uv": [0, 11.5, 1, 12], "texture": "#0"},
				"south": {"uv": [2.5, 11.5, 3, 12], "texture": "#0"},
				"west": {"uv": [1.5, 11.5, 2.5, 12], "texture": "#0"},
				"up": {"uv": [1.5, 11.5, 1, 10.5], "texture": "#0"},
				"down": {"uv": [2, 10.5, 1.5, 11.5], "texture": "#0"}
			}
		},
		{
			"from": [7.5, 0, 0],
			"to": [8.5, 1, 2],
			"rotation": {"angle": 0, "axis": "y", "origin": [8, 9, 9]},
			"faces": {
				"north": {"uv": [10, 10, 10.5, 10.5], "texture": "#0"},
				"east": {"uv": [9, 10, 10, 10.5], "texture": "#0"},
				"south": {"uv": [11.5, 10, 12, 10.5], "texture": "#0"},
				"west": {"uv": [10.5, 10, 11.5, 10.5], "texture": "#0"},
				"up": {"uv": [10.5, 10, 10, 9], "texture": "#0"},
				"down": {"uv": [11, 9, 10.5, 10], "texture": "#0"}
			}
		},
		{
			"from": [7.5, 5, 4],
			"to": [8.5, 6, 7],
			"rotation": {"angle": 0, "axis": "y", "origin": [8, 13, 12]},
			"faces": {
				"north": {"uv": [10.5, 5.5, 11, 6], "texture": "#0"},
				"east": {"uv": [9, 5.5, 10.5, 6], "texture": "#0"},
				"south": {"uv": [12.5, 5.5, 13, 6], "texture": "#0"},
				"west": {"uv": [11, 5.5, 12.5, 6], "texture": "#0"},
				"up": {"uv": [11, 5.5, 10.5, 4], "texture": "#0"},
				"down": {"uv": [11.5, 4, 11, 5.5], "texture": "#0"}
			}
		},
		{
			"from": [7.5, 6, 5],
			"to": [8.5, 7, 8],
			"rotation": {"angle": 0, "axis": "y", "origin": [8, 14, 13]},
			"faces": {
				"north": {"uv": [6, 9.5, 6.5, 10], "texture": "#0"},
				"east": {"uv": [4.5, 9.5, 6, 10], "texture": "#0"},
				"south": {"uv": [8, 9.5, 8.5, 10], "texture": "#0"},
				"west": {"uv": [6.5, 9.5, 8, 10], "texture": "#0"},
				"up": {"uv": [6.5, 9.5, 6, 8], "texture": "#0"},
				"down": {"uv": [7, 8, 6.5, 9.5], "texture": "#0"}
			}
		},
		{
			"from": [7.5, 7, 6],
			"to": [8.5, 8, 9],
			"rotation": {"angle": 0, "axis": "y", "origin": [8, 15, 14]},
			"faces": {
				"north": {"uv": [9.5, 1.5, 10, 2], "texture": "#0"},
				"east": {"uv": [8, 1.5, 9.5, 2], "texture": "#0"},
				"south": {"uv": [11.5, 1.5, 12, 2], "texture": "#0"},
				"west": {"uv": [10, 1.5, 11.5, 2], "texture": "#0"},
				"up": {"uv": [10, 1.5, 9.5, 0], "texture": "#0"},
				"down": {"uv": [10.5, 0, 10, 1.5], "texture": "#0"}
			}
		},
		{
			"from": [7.5, 3, 2],
			"to": [8.5, 4, 5],
			"rotation": {"angle": 0, "axis": "y", "origin": [8, 11, 10]},
			"faces": {
				"north": {"uv": [1.5, 9.5, 2, 10], "texture": "#0"},
				"east": {"uv": [0, 9.5, 1.5, 10], "texture": "#0"},
				"south": {"uv": [3.5, 9.5, 4, 10], "texture": "#0"},
				"west": {"uv": [2, 9.5, 3.5, 10], "texture": "#0"},
				"up": {"uv": [2, 9.5, 1.5, 8], "texture": "#0"},
				"down": {"uv": [2.5, 8, 2, 9.5], "texture": "#0"}
			}
		},
		{
			"from": [7.5, 4, 3],
			"to": [8.5, 5, 6],
			"rotation": {"angle": 0, "axis": "y", "origin": [8, 12, 11]},
			"faces": {
				"north": {"uv": [9, 8, 9.5, 8.5], "texture": "#0"},
				"east": {"uv": [7.5, 8, 9, 8.5], "texture": "#0"},
				"south": {"uv": [11, 8, 11.5, 8.5], "texture": "#0"},
				"west": {"uv": [9.5, 8, 11, 8.5], "texture": "#0"},
				"up": {"uv": [9.5, 8, 9, 6.5], "texture": "#0"},
				"down": {"uv": [10, 6.5, 9.5, 8], "texture": "#0"}
			}
		},
		{
			"from": [7.5, 1, 0],
			"to": [8.5, 2, 3],
			"rotation": {"angle": 0, "axis": "y", "origin": [8, 10, 9]},
			"faces": {
				"north": {"uv": [6, 7, 6.5, 7.5], "texture": "#0"},
				"east": {"uv": [4.5, 7, 6, 7.5], "texture": "#0"},
				"south": {"uv": [8, 7, 8.5, 7.5], "texture": "#0"},
				"west": {"uv": [6.5, 7, 8, 7.5], "texture": "#0"},
				"up": {"uv": [6.5, 7, 6, 5.5], "texture": "#0"},
				"down": {"uv": [7, 5.5, 6.5, 7], "texture": "#0"}
			}
		},
		{
			"from": [7.5, 2, 1],
			"to": [8.5, 3, 4],
			"rotation": {"angle": 0, "axis": "y", "origin": [8, 10, 9]},
			"faces": {
				"north": {"uv": [1.5, 7, 2, 7.5], "texture": "#0"},
				"east": {"uv": [0, 7, 1.5, 7.5], "texture": "#0"},
				"south": {"uv": [3.5, 7, 4, 7.5], "texture": "#0"},
				"west": {"uv": [2, 7, 3.5, 7.5], "texture": "#0"},
				"up": {"uv": [2, 7, 1.5, 5.5], "texture": "#0"},
				"down": {"uv": [2.5, 5.5, 2, 7], "texture": "#0"}
			}
		}
	],
	"gui_light": "front",
	"display": {
		"thirdperson_righthand": {
			"rotation": [-45, 0, 0],
			"translation": [0, 4.5, 2]
		},
		"thirdperson_lefthand": {
			"rotation": [-45, 0, 0],
			"translation": [0, 4.5, 2]
		},
		"firstperson_righthand": {
			"rotation": [-20, 0, 0],
			"translation": [6, 1.5, -2.5]
		},
		"firstperson_lefthand": {
			"rotation": [-20, 0, 0],
			"translation": [6, 1.5, -2.5]
		},
		"ground": {
			"translation": [0, 3, 0],
			"scale": [0.5, 0.5, 0.5]
		},
		"gui": {
			"rotation": [0, 90, 0],
			"translation": [0.5, 0.5, 0]
		},
		"head": {
			"rotation": [0, 90, 0],
			"translation": [-9.75, 2.75, 0],
			"scale": [1.5, 1.5, 1.5]
		},
		"fixed": {
			"rotation": [0, -90, 0],
			"translation": [-0.75, 0.5, 0]
		}
	}
}